{"cameraMode":{"drawMode":0,"name":"Shaded","section":"Shading Mode"},"sceneLighting":true,"audioPlay":false,"sceneViewState":{"showFog":true,"showMaterialUpdate":false,"showSkybox":true,"showFlares":true,"showImageEffects":true,"showParticleSystems":true},"in2DMode":false,"pivot":{"x":-6.942941665649414,"y":-2.825247287750244,"z":7.322103500366211},"rotation":{"x":0.13428129255771638,"y":-0.09467019885778427,"z":0.012888955883681775,"w":0.9863265156745911},"size":35.29419708251953,"orthographic":false}