{"cameraMode":{"drawMode":0,"name":"Shaded","section":"Shading Mode"},"sceneLighting":true,"audioPlay":false,"sceneViewState":{"showFog":true,"showMaterialUpdate":false,"showSkybox":true,"showFlares":true,"showImageEffects":true,"showParticleSystems":true},"in2DMode":false,"pivot":{"x":-6.942941665649414,"y":-2.825247287750244,"z":7.322103500366211},"rotation":{"x":0.16197843849658967,"y":-0.28107374906539919,"z":0.04819381982088089,"w":0.9446893334388733},"size":22.87875747680664,"orthographic":false}